log_id,user_id,device_id,login_time,login_status
1,80,21,2024-05-09 09:14:31,Success
2,30,2,2024-10-08 06:36:48,Failed Password
3,42,19,2025-04-15 08:06:25,Suspicious Device
4,45,36,2024-11-12 15:43:34,OTP Failed
5,23,51,2024-06-22 14:12:47,Suspicious Device
6,76,9,2025-03-14 02:33:49,Success
7,19,32,2024-03-10 04:51:07,Suspicious Device
8,52,36,2025-04-04 20:09:32,Success
9,52,35,2024-03-26 07:06:02,Suspicious Device
10,45,34,2024-01-31 06:25:25,Failed Password
11,17,55,2024-05-01 23:10:10,OTP Failed
12,35,31,2024-09-20 16:33:47,OTP Failed
13,46,17,2024-08-08 03:18:54,Failed Password
14,11,48,2024-11-05 14:44:40,OTP Failed
15,74,50,2024-06-26 16:18:23,Failed Password
16,35,7,2024-09-20 06:48:11,Account Locked
17,70,52,2024-08-10 02:56:50,OTP Failed
18,44,18,2024-08-28 08:59:03,Success
19,42,33,2025-03-05 02:47:20,Success
20,34,11,2025-01-04 00:30:50,Suspicious Device
21,58,20,2025-04-27 10:15:23,OTP Failed
22,36,10,2025-03-07 01:20:10,Success
23,78,41,2025-01-15 17:45:14,Account Locked
24,47,59,2024-07-27 03:44:21,Suspicious Device
25,59,40,2024-11-02 19:56:44,Suspicious Device
26,11,29,2025-03-18 14:23:15,OTP Failed
27,54,14,2024-10-24 07:57:10,Failed Password
28,35,43,2024-07-13 03:21:48,Suspicious Device
29,49,38,2024-08-02 11:27:22,Account Locked
30,24,52,2024-05-26 17:51:55,Account Locked
31,71,7,2025-03-10 18:02:35,Account Locked
32,10,18,2024-09-16 04:48:34,Success
33,25,52,2025-02-20 20:54:01,Success
34,38,21,2024-04-26 13:20:28,Success
35,19,10,2024-10-25 06:37:01,Success
36,17,46,2025-04-14 19:57:25,Success
37,40,52,2025-02-23 17:53:37,OTP Failed
38,33,1,2024-01-15 16:40:20,Success
39,21,58,2024-04-08 00:08:00,Success
40,21,25,2024-04-21 02:35:12,Success
41,66,30,2025-04-06 16:46:04,Suspicious Device
42,39,42,2024-06-03 18:44:16,Success
43,9,29,2024-12-29 09:12:21,Success
44,20,60,2024-06-25 12:40:50,Success
45,43,10,2024-02-05 02:31:04,Failed Password
46,65,11,2025-02-16 05:01:25,Success
47,56,6,2024-12-15 19:44:53,Account Locked
48,15,51,2025-02-19 18:42:05,Success
49,45,18,2024-07-13 08:03:16,OTP Failed
50,37,25,2024-08-08 11:50:29,OTP Failed
51,24,42,2024-08-25 07:39:10,Success
52,61,3,2025-03-26 08:36:51,Account Locked
53,28,58,2024-05-25 13:28:16,Success
54,2,52,2024-01-05 18:40:47,OTP Failed
55,18,27,2025-02-06 23:15:57,Success
56,57,18,2024-04-03 10:19:49,Suspicious Device
57,21,54,2024-05-14 11:26:13,Success
58,62,56,2024-04-13 09:28:38,Success
59,34,4,2024-12-30 18:44:03,Success
60,51,6,2025-03-14 07:49:36,Success
61,22,2,2024-12-26 12:08:43,Success
62,78,39,2024-07-21 15:50:04,Success
63,55,50,2024-09-23 05:53:10,Failed Password
64,54,49,2024-09-17 17:12:58,Failed Password
65,37,16,2024-07-15 14:08:16,Success
66,17,13,2024-01-07 23:36:00,Suspicious Device
67,24,41,2024-04-30 03:12:20,Success
68,7,47,2025-04-27 13:42:12,OTP Failed
69,69,58,2025-03-21 20:45:15,Success
70,2,26,2024-12-12 04:43:17,Success
71,79,1,2025-03-09 17:20:57,Account Locked
72,59,47,2024-12-07 16:16:56,Success
73,54,40,2024-09-25 15:13:11,Success
74,28,37,2024-09-19 05:02:22,Success
75,42,21,2025-03-05 04:43:26,Failed Password
76,34,28,2024-05-08 07:50:26,Success
77,38,39,2024-10-30 10:23:57,Failed Password
78,69,22,2024-04-07 21:57:38,Success
79,16,60,2024-12-29 15:53:14,Success
80,26,39,2024-09-27 08:13:33,Success
81,42,42,2024-08-07 10:26:33,Success
82,6,8,2024-05-29 19:32:05,Failed Password
83,45,8,2025-02-28 23:15:17,Suspicious Device
84,47,59,2025-03-10 10:57:06,Success
85,5,16,2024-12-02 02:27:13,OTP Failed
86,70,24,2024-07-04 11:43:36,Success
87,50,22,2024-08-06 11:18:37,Success
88,74,35,2024-04-11 08:06:53,OTP Failed
89,65,10,2024-04-14 09:40:38,Success
90,28,25,2024-07-29 10:18:50,Failed Password
91,55,35,2025-04-24 22:29:25,OTP Failed
92,9,27,2024-05-29 00:04:04,Success
93,38,52,2025-03-07 16:11:59,Account Locked
94,61,57,2025-02-28 17:13:06,Suspicious Device
95,5,6,2024-09-15 06:35:13,Success
96,34,22,2025-03-13 09:06:32,OTP Failed
97,12,23,2024-04-23 07:00:47,Account Locked
98,3,21,2024-12-28 14:15:46,OTP Failed
99,5,55,2024-07-05 20:50:19,OTP Failed
100,15,13,2024-09-28 02:44:25,Suspicious Device
101,43,35,2024-12-05 05:22:00,Account Locked
102,39,26,2024-11-27 16:33:49,Success
103,38,30,2024-05-05 20:04:05,Suspicious Device
104,69,53,2024-10-28 12:05:51,Suspicious Device
105,17,55,2024-01-07 07:48:18,Failed Password
106,74,45,2024-03-23 21:29:15,OTP Failed
107,14,39,2025-04-07 20:43:20,Failed Password
108,71,58,2024-11-06 09:55:11,Account Locked
109,73,3,2024-03-15 01:47:50,Success
110,22,6,2024-07-29 07:51:34,Success
111,19,57,2025-02-12 23:17:50,Account Locked
112,61,32,2024-10-28 19:15:42,Failed Password
113,33,51,2025-02-19 14:19:08,Success
114,49,26,2024-04-15 00:33:16,Failed Password
115,10,24,2024-01-25 02:45:00,Success
116,27,21,2025-03-06 12:26:37,Suspicious Device
117,74,58,2025-02-19 23:59:13,Success
118,25,24,2024-11-23 02:08:45,Success
119,46,51,2025-01-07 15:20:56,Success
120,36,39,2024-08-16 06:09:10,OTP Failed
121,51,18,2025-01-14 03:46:37,Suspicious Device
122,28,35,2024-01-25 17:09:03,Success
123,76,40,2025-04-22 03:22:40,Account Locked
124,67,39,2024-07-07 12:30:26,Account Locked
125,53,49,2025-03-25 05:42:44,OTP Failed
126,36,8,2024-10-16 09:20:36,OTP Failed
127,9,52,2024-06-26 15:55:57,Failed Password
128,51,44,2024-12-08 04:06:46,Success
129,77,46,2024-10-29 16:48:05,Suspicious Device
130,59,16,2024-06-07 09:10:32,Success
131,29,5,2024-03-16 19:10:27,OTP Failed
132,48,59,2024-08-12 17:20:27,Suspicious Device
133,9,53,2024-12-05 23:06:19,Success
134,36,10,2024-12-21 22:31:02,Success
135,5,36,2024-03-09 07:39:14,Success
136,68,40,2025-04-05 03:21:48,OTP Failed
137,63,59,2024-11-11 22:05:18,OTP Failed
138,79,16,2024-07-21 05:16:53,Failed Password
139,56,46,2024-05-17 22:04:58,Suspicious Device
140,31,45,2025-03-26 17:13:28,Account Locked
141,36,58,2024-03-27 22:14:10,Success
142,46,49,2024-07-15 06:36:53,Success
143,78,41,2024-09-16 08:50:55,Suspicious Device
144,66,19,2024-10-07 23:35:50,Success
145,11,52,2024-07-27 01:29:21,Failed Password
146,73,13,2024-05-24 21:22:42,Success
147,39,6,2024-11-05 17:08:23,Suspicious Device
148,71,7,2024-10-15 20:26:50,Success
149,59,47,2024-04-26 03:38:37,Suspicious Device
150,24,17,2024-04-01 02:51:19,OTP Failed
151,34,35,2024-12-16 15:15:54,OTP Failed
152,36,56,2024-07-04 05:22:49,Success
153,58,18,2025-01-10 18:37:21,Account Locked
154,8,46,2024-06-03 09:56:26,Account Locked
155,40,15,2024-11-23 05:00:39,Failed Password
156,51,46,2024-12-28 08:50:35,Failed Password
157,57,58,2024-09-18 18:13:36,Account Locked
158,51,1,2024-08-10 08:41:59,Success
159,40,55,2024-03-27 15:15:54,Success
160,58,1,2024-04-25 22:01:04,Suspicious Device
161,68,24,2024-06-14 02:15:14,Failed Password
162,8,40,2025-02-25 09:12:21,Suspicious Device
163,24,12,2024-08-08 18:03:41,Account Locked
164,79,14,2024-07-07 13:44:25,Suspicious Device
165,29,22,2024-05-24 15:07:29,Suspicious Device
166,69,23,2024-06-12 18:01:33,Success
167,7,13,2024-02-05 08:54:11,OTP Failed
168,5,50,2024-01-14 22:38:27,Suspicious Device
169,65,18,2024-07-09 14:36:52,Success
170,7,31,2025-01-08 05:38:23,Failed Password
171,63,18,2024-07-10 08:37:01,Success
172,10,22,2024-02-20 07:43:49,Success
173,31,30,2024-12-08 04:44:51,Success
174,25,6,2024-03-22 04:25:24,Failed Password
175,18,1,2024-06-18 17:29:43,Account Locked
176,37,54,2024-06-16 01:47:32,Success
177,25,30,2024-05-30 00:14:59,Failed Password
178,33,32,2024-01-25 14:40:33,Account Locked
179,69,1,2024-02-28 17:26:41,Account Locked
180,5,59,2024-04-27 05:22:22,Suspicious Device
181,23,4,2025-02-14 15:22:52,Success
182,26,43,2024-01-06 18:10:51,Success
183,73,28,2024-11-29 12:00:16,Success
184,57,9,2024-12-25 08:19:45,Success
185,35,42,2024-12-03 02:13:01,Suspicious Device
186,55,24,2025-03-25 10:02:44,Failed Password
187,52,25,2024-06-05 06:14:48,Success
188,3,45,2024-01-17 16:57:08,Success
189,76,6,2024-07-23 22:40:04,Success
190,75,27,2025-01-05 12:11:29,OTP Failed
191,48,58,2024-02-20 08:06:18,Success
192,3,56,2024-04-23 23:49:48,Failed Password
193,24,15,2024-09-06 06:04:40,OTP Failed
194,80,25,2024-01-06 00:43:57,Account Locked
195,11,9,2024-06-08 03:08:41,Account Locked
196,56,34,2024-07-17 01:28:05,Success
197,45,49,2024-12-02 13:15:38,Success
198,25,28,2025-03-23 17:37:44,OTP Failed
199,14,23,2024-11-14 06:04:09,Success
200,2,53,2024-02-25 16:01:03,Suspicious Device
201,57,13,2024-02-07 09:34:45,OTP Failed
202,36,15,2024-12-28 16:35:20,Success
203,65,25,2024-03-07 20:31:12,Failed Password
204,17,29,2024-02-04 07:09:24,OTP Failed
205,28,2,2025-04-30 21:08:47,OTP Failed
206,11,45,2024-09-26 08:35:46,Success
207,67,20,2024-10-06 08:31:41,OTP Failed
208,55,41,2024-07-19 14:39:47,Failed Password
209,51,53,2024-10-10 20:23:37,Success
210,27,52,2024-06-22 13:42:27,Account Locked
211,43,17,2024-08-13 13:54:20,Account Locked
212,27,57,2024-05-29 22:08:08,Success
213,75,8,2024-08-05 06:42:27,Account Locked
214,1,36,2024-12-14 23:46:54,Failed Password
215,21,2,2025-04-25 03:30:19,Failed Password
216,8,55,2024-04-19 19:08:05,Success
217,12,58,2024-10-08 02:35:19,Failed Password
218,38,7,2024-09-07 11:29:56,Account Locked
219,31,37,2024-09-07 15:08:55,Account Locked
220,70,27,2024-06-08 18:53:36,Success
221,45,41,2024-11-21 02:51:59,Success
222,49,50,2024-06-05 04:24:10,Failed Password
223,31,19,2025-04-22 17:50:45,Suspicious Device
224,21,42,2024-06-03 00:41:34,Account Locked
225,50,19,2025-03-20 23:57:58,Account Locked
226,53,30,2025-01-10 16:21:30,Success
227,32,6,2024-07-09 00:05:19,Success
228,60,19,2025-04-03 06:03:38,Success
229,80,11,2024-02-22 12:45:44,Success
230,61,45,2024-02-16 05:59:19,OTP Failed
231,57,16,2024-01-26 13:31:52,Suspicious Device
232,66,45,2024-03-09 16:19:06,Suspicious Device
233,73,20,2025-04-22 21:22:06,Success
234,76,44,2024-08-26 23:13:49,Success
235,15,38,2025-04-10 18:00:26,Success
236,1,23,2024-12-02 17:16:21,Suspicious Device
237,27,48,2024-02-25 14:12:43,Account Locked
238,64,17,2024-02-23 23:06:19,Suspicious Device
239,44,40,2025-02-16 00:59:46,Suspicious Device
240,30,55,2025-04-05 21:50:11,OTP Failed
241,57,9,2025-04-24 18:03:42,Account Locked
242,80,33,2025-02-19 12:38:01,Suspicious Device
243,78,48,2025-03-27 04:37:20,Success
244,11,23,2024-03-12 15:24:24,Success
245,74,34,2024-07-02 19:50:37,Success
246,46,33,2025-02-13 15:49:32,Success
247,44,5,2024-02-09 16:51:01,Suspicious Device
248,2,55,2025-03-31 08:49:24,Success
249,42,4,2024-08-07 04:05:33,Success
250,20,55,2024-01-06 07:44:17,Account Locked
251,21,34,2024-10-12 10:45:43,Success
252,34,57,2024-02-04 14:17:54,Success
253,2,44,2024-03-01 16:19:50,Success
254,40,47,2024-01-17 03:37:29,Success
255,39,12,2024-11-24 22:45:50,OTP Failed
256,38,45,2025-04-09 03:10:52,OTP Failed
257,72,22,2024-01-25 11:32:43,Success
258,15,37,2024-12-05 17:19:58,Success
259,38,52,2024-09-18 07:01:16,Success
260,15,39,2024-06-11 13:50:45,OTP Failed
261,22,21,2024-09-16 17:59:38,Failed Password
262,73,3,2025-04-14 23:20:31,OTP Failed
263,1,44,2024-03-08 06:15:22,Account Locked
264,14,5,2024-01-16 01:49:09,Success
265,26,42,2024-09-17 04:50:12,Suspicious Device
266,29,20,2024-06-02 10:26:49,Success
267,71,7,2024-10-07 12:32:00,Success
268,73,28,2025-01-01 21:47:19,Success
269,50,9,2024-07-08 22:56:08,Suspicious Device
270,70,56,2024-02-21 04:59:57,OTP Failed
271,70,11,2024-08-20 17:50:57,Success
272,46,58,2024-04-21 23:37:02,Success
273,58,3,2025-01-22 22:12:00,Failed Password
274,75,6,2024-04-17 03:50:34,Success
275,57,35,2025-04-02 10:17:05,OTP Failed
276,66,60,2024-03-11 20:44:01,Success
277,67,59,2025-02-22 08:19:19,Success
278,28,37,2024-09-19 06:41:47,Suspicious Device
279,31,4,2024-09-03 18:23:04,Success
280,70,50,2025-04-23 15:16:11,Success
281,4,48,2025-03-29 06:33:40,Success
282,31,43,2025-03-17 23:02:13,Account Locked
283,37,34,2024-11-02 00:42:00,Success
284,76,23,2024-09-08 16:04:09,Success
285,73,9,2024-10-16 02:23:38,OTP Failed
286,37,50,2025-01-04 17:05:24,Success
287,48,47,2024-05-26 01:09:04,Account Locked
288,58,2,2024-05-09 06:48:40,Account Locked
289,36,15,2025-01-12 19:12:21,Failed Password
290,46,20,2025-03-19 19:27:13,Success
291,56,14,2024-05-04 11:27:23,Account Locked
292,55,3,2024-05-08 07:33:32,OTP Failed
293,80,39,2024-11-13 06:22:30,Success
294,8,36,2024-02-03 23:45:13,Success
295,5,50,2024-04-22 15:36:47,Success
296,23,24,2024-02-05 13:04:06,OTP Failed
297,32,9,2024-03-20 06:06:35,Account Locked
298,56,11,2024-03-16 17:35:57,Success
299,45,47,2025-04-06 07:54:13,Account Locked
300,2,48,2024-10-08 14:21:34,Suspicious Device
301,73,28,2024-08-14 05:10:48,Suspicious Device
302,66,16,2024-11-03 10:48:15,Account Locked
303,18,3,2024-12-22 12:54:57,OTP Failed
304,52,46,2025-02-04 19:50:58,OTP Failed
305,72,17,2024-02-22 10:13:08,Success
306,65,39,2024-09-17 10:36:17,OTP Failed
307,14,38,2024-03-24 03:20:58,Failed Password
308,25,46,2024-04-20 22:42:16,Failed Password
309,8,19,2024-04-29 12:19:25,Account Locked
310,17,15,2025-02-25 02:43:10,Success
311,31,9,2024-10-08 04:56:45,Failed Password
312,56,59,2025-04-10 07:30:53,Success
313,39,21,2024-01-02 20:00:21,OTP Failed
314,70,48,2024-10-11 13:52:59,Suspicious Device
315,37,1,2025-03-03 21:34:26,Success
316,34,52,2025-04-04 01:22:01,Success
317,29,47,2024-10-20 22:42:33,Success
318,14,58,2024-03-09 05:17:35,OTP Failed
319,17,20,2024-07-12 11:20:43,Success
320,1,44,2024-10-07 09:55:55,OTP Failed
321,63,56,2024-09-21 20:56:52,Failed Password
322,60,2,2024-07-06 18:33:41,Account Locked
323,61,55,2024-07-01 15:09:26,Account Locked
324,46,11,2024-08-26 13:27:57,Success
325,17,44,2025-03-16 11:27:33,Suspicious Device
326,5,41,2025-01-12 22:02:13,Account Locked
327,4,43,2024-04-01 06:25:23,Suspicious Device
328,16,38,2025-02-09 20:56:14,Failed Password
329,38,6,2024-07-28 16:20:29,Suspicious Device
330,22,14,2024-12-13 22:39:50,Success
331,36,36,2024-01-19 07:56:22,Success
332,35,31,2025-03-23 17:13:33,Success
333,61,1,2025-01-14 20:39:33,Failed Password
334,2,30,2024-06-21 09:04:56,Account Locked
335,18,25,2024-02-18 23:38:24,Failed Password
336,75,5,2024-08-01 21:30:26,Failed Password
337,25,8,2024-12-02 05:19:12,Account Locked
338,30,28,2024-02-22 11:27:28,OTP Failed
339,41,17,2024-09-17 22:21:05,Success
340,6,7,2024-03-11 23:21:26,Success
341,73,4,2025-02-19 04:36:31,Account Locked
342,19,59,2025-03-27 10:42:19,Account Locked
343,8,34,2025-01-24 15:18:28,Success
344,59,48,2025-03-30 16:37:01,Success
345,80,2,2024-03-15 04:18:55,Account Locked
346,76,12,2024-08-27 19:00:38,Failed Password
347,30,8,2024-07-31 21:53:32,Suspicious Device
348,28,13,2024-06-04 10:31:39,Failed Password
349,61,54,2024-06-03 23:08:01,Success
350,35,17,2025-04-18 00:50:02,Success
351,43,39,2025-04-25 15:28:53,OTP Failed
352,30,18,2025-01-16 10:12:57,Suspicious Device
353,58,53,2025-02-08 10:17:54,Success
354,64,22,2024-01-20 16:36:44,Success
355,15,24,2024-09-01 12:01:39,Account Locked
356,9,51,2025-02-05 04:33:59,Failed Password
357,24,55,2025-03-16 16:56:38,Success
358,41,4,2024-01-22 15:54:18,Account Locked
359,16,11,2024-12-04 21:38:29,Success
360,14,43,2024-03-28 00:09:03,Success
361,70,22,2024-06-25 06:26:32,Suspicious Device
362,66,25,2024-08-02 08:36:09,Success
363,67,56,2024-11-28 09:39:55,Failed Password
364,80,44,2024-04-22 00:28:58,OTP Failed
365,56,3,2025-04-16 10:33:10,Failed Password
366,41,40,2024-04-17 20:42:56,Account Locked
367,13,47,2024-05-22 02:14:39,Suspicious Device
368,3,39,2024-04-28 21:13:16,Suspicious Device
369,36,13,2024-08-18 03:13:36,Suspicious Device
370,24,29,2025-03-21 05:57:45,Success
371,58,34,2024-04-05 01:47:40,OTP Failed
372,16,25,2025-04-30 13:27:05,Success
373,28,8,2025-02-03 10:08:45,OTP Failed
374,4,40,2024-09-16 00:42:41,Failed Password
375,26,60,2024-07-27 09:39:01,OTP Failed
376,26,40,2024-04-26 00:02:25,Failed Password
377,3,20,2025-03-03 17:38:17,Account Locked
378,57,27,2025-03-19 00:33:14,Suspicious Device
379,66,50,2024-04-07 12:06:26,Suspicious Device
380,55,54,2025-04-22 13:21:11,Failed Password
381,15,32,2024-04-21 02:55:11,Success
382,11,35,2024-03-05 07:01:32,Failed Password
383,66,33,2024-08-02 12:33:35,Success
384,14,29,2024-06-22 10:07:09,Failed Password
385,15,48,2024-05-13 15:57:50,Success
386,69,45,2024-06-20 10:57:31,Success
387,60,41,2025-01-22 07:15:37,Failed Password
388,66,36,2024-05-27 13:42:05,Success
389,31,25,2024-12-20 14:35:36,Success
390,79,44,2024-03-22 18:30:57,Failed Password
391,72,1,2024-07-13 13:44:41,Suspicious Device
392,56,17,2024-04-19 11:09:18,Suspicious Device
393,41,1,2025-03-13 22:07:33,Suspicious Device
394,30,10,2024-07-04 18:08:05,Success
395,12,14,2025-01-20 18:14:13,Success
396,73,21,2024-12-10 01:11:21,Success
397,18,13,2024-02-28 23:00:51,Account Locked
398,32,12,2024-04-14 11:36:27,OTP Failed
399,13,45,2024-05-19 12:44:51,Failed Password
400,29,45,2024-01-31 00:37:54,Success
401,32,59,2024-08-26 06:47:11,Success
402,60,59,2024-03-02 21:14:47,Success
403,55,58,2024-12-26 14:46:37,Success
404,71,5,2025-04-08 08:42:14,OTP Failed
405,36,41,2025-03-24 06:12:00,Account Locked
406,14,12,2024-11-01 15:39:30,Account Locked
407,49,34,2024-03-23 17:13:14,Success
408,43,31,2024-09-30 07:15:50,Failed Password
409,32,18,2024-08-21 22:17:26,OTP Failed
410,16,17,2025-03-14 11:06:04,Success
411,12,40,2024-03-17 05:36:34,Success
412,68,9,2024-02-22 03:37:27,Account Locked
413,64,33,2024-12-01 07:29:41,Success
414,33,56,2024-07-09 16:04:18,Account Locked
415,70,48,2025-03-18 02:40:11,Success
416,71,55,2024-09-29 01:52:01,Failed Password
417,25,24,2025-02-16 00:28:50,Success
418,55,44,2024-04-21 08:54:20,Success
419,21,14,2024-03-10 14:56:27,Success
420,80,21,2025-01-26 13:00:06,Account Locked
